{
    "RootType": "saveMetadataContainer",
    "Data": {
        "metadata": {
            "gameDefinition": "",
            "activeQuests": "2F728D92082F415E;E5B7576313A99B86;F985E46743E070D2",
            "trackedQuestEntry": "ep1/quests/main_quest/q301_crash/00_hook/get_to_combat_zone",
            "trackedQuest": "LocKey#81863",
            "mainQuest": "LocKey#81863",
            "debugString": "q301_hook_done",
            "locationName": "LocKey#10957",
            "playerPosition": {
                "X": -2390.100830078125,
                "Y": -2242.2021484375,
                "Z": 9.990272521972657
            },
            "playTime": 427.3865671,
            "playthroughTime": 427.3865671,
            "nextSavableEntityID": 9001685,
            "nextNonSavableEntityID": 10006374,
            "lifePath": "StreetKid",
            "bodyGender": "Female",
            "brainGender": "Female",
            "level": 15.0,
            "streetCred": 15.0,
            "gunslinger": 1.0,
            "assault": 1.0,
            "demolition": 1.0,
            "athletics": 1.0,
            "brawling": 1.0,
            "coldBlood": 1.0,
            "stealth": 1.0,
            "engineering": 1.0,
            "crafting": 1.0,
            "hacking": 1.0,
            "combatHacking": 1.0,
            "strength": 4.0,
            "intelligence": 9.0,
            "reflexes": 9.0,
            "technicalAbility": 9.0,
            "cool": 4.0,
            "initialBuildID": "3.0.5022294  P4CL: 6565293  Stream: //R6.Root/R6.Release ",
            "finishedQuests": "q004 q005 q000 q001 q003 q110 q105 q101 q108 sq025 sq018 mq024 ",
            "playthroughID": "66118d08adf1c293",
            "pointOfNoReturnId": "",
            "visitID": "1c98b8ce-c408-4939-81ca-9c2cec17f413",
            "buildSKU": "",
            "buildPatch": "2.11",
            "difficulty": "Story",
            "facts": [
                "q110_done=1",
                "q110_voodoo_queen_dead=1",
                "q110_08a_netwatch_deal=1",
                "q101_done=1",
                "sq032_q105_used=1",
                "sq018_done=1",
                "ep1_active=1",
                "sq032_q110_used=1",
                "sq025_done=1",
                "q301_active=1",
                "q108_done=1"
            ],
            "saveVersion": 263,
            "gameVersion": 2110,
            "timestampString": "23:39:28, 6.04.2024",
            "name": "AutoSave-0",
            "userName": "",
            "buildID": "3.0.5022294  P4CL: 6565293  Stream: //R6.Root/R6.Release ",
            "platform": "pc",
            "censorFlags": "",
            "buildConfiguration": "final",
            "fileSize": 1815782,
            "isForced": true,
            "isCheckpoint": true,
            "initialLoadingScreenID": 238522270270,
            "isStoryMode": false,
            "isPointOfNoReturn": false,
            "isEndGameSave": false,
            "isModded": false,
            "additionalContentIds": [
                "EP1"
            ]
        }
    }
}