{
    "RootType": "saveMetadataContainer",
    "Data": {
        "metadata": {
            "gameDefinition": "",
            "activeQuests": "6B577A51814903CA",
            "trackedQuestEntry": "quests/minor_quest/ma_cct_dtn_03/ma_cct_dtn_03/send_info",
            "trackedQuest": "LocKey#14540",
            "mainQuest": "LocKey#9860",
            "debugString": "",
            "locationName": "LocKey#10950",
            "playerPosition": {
                "X": -2176.584228515625,
                "Y": 311.8641052246094,
                "Z": 14.878883361816407
            },
            "playTime": 80861.2926593,
            "playthroughTime": 88084.5690299,
            "nextSavableEntityID": 9011230,
            "nextNonSavableEntityID": 10164502,
            "lifePath": "Corporate",
            "bodyGender": "Male",
            "brainGender": "Male",
            "level": 26.0,
            "streetCred": 39.0,
            "gunslinger": 6.0,
            "assault": 7.0,
            "demolition": 8.0,
            "athletics": 4.0,
            "brawling": 3.0,
            "coldBlood": 5.0,
            "stealth": 4.0,
            "engineering": 4.0,
            "crafting": 4.0,
            "hacking": 4.0,
            "combatHacking": 4.0,
            "strength": 11.0,
            "intelligence": 8.0,
            "reflexes": 7.0,
            "technicalAbility": 12.0,
            "cool": 7.0,
            "initialBuildID": "3.0.4232417  P4CL: 5147962  Stream: //R6.Root/R6.Release ",
            "finishedQuests": "q004 q005 q000 q001 q003 q112 q110 q105 q104 q101 q103 q108 sq032 sq023 sq018 sq004 mq010 mq001 mq008 mq038 mq025 mq041 ma_cct_dtn_07 sts_std_arr_03 sts_std_arr_01 ma_hey_spr_04 ma_hey_rey_05 sts_bls_ina_03 ma_std_arr_08 ma_std_arr_03 ma_std_arr_06 ma_std_arr_05 ma_std_arr_10 ma_wat_lch_06 ma_pac_cvi_08 sts_wbr_hil_07 ",
            "playthroughID": "632a7129631f039e",
            "pointOfNoReturnId": "63319c2a440e2873",
            "visitID": "55adc958-f0e7-45fa-b390-e68f8f5aea8f",
            "buildSKU": "",
            "buildPatch": "1.6",
            "difficulty": "Story",
            "saveVersion": 224,
            "gameVersion": 1600,
            "timestampString": "21:10:03, 26.09.2022",
            "name": "AutoSave-9",
            "userName": "",
            "buildID": "3.0.4232417  P4CL: 5147962  Stream: //R6.Root/R6.Release ",
            "platform": "pc",
            "censorFlags": "",
            "buildConfiguration": "final",
            "fileSize": 4621104,
            "isForced": false,
            "isCheckpoint": true,
            "initialLoadingScreenID": 192888460050,
            "isStoryMode": false,
            "isPointOfNoReturn": false,
            "isEndGameSave": false,
            "isModded": false
        }
    }
}