{
    "RootType": "saveMetadataContainer",
    "Data": {
        "metadata": {
            "gameDefinition": "",
            "activeQuests": "6B577A51814903CA",
            "trackedQuestEntry": "quests/meta/02_sickness/q115/05_leave_restaurant",
            "trackedQuest": "LocKey#9860",
            "mainQuest": "LocKey#9860",
            "debugString": "",
            "locationName": "LocKey#44359",
            "playerPosition": {
                "X": -1799.17431640625,
                "Y": -521.123046875,
                "Z": 74.24406433105469
            },
            "playTime": 50130.8655955,
            "playthroughTime": 53397.1386461,
            "nextSavableEntityID": 9009617,
            "nextNonSavableEntityID": 10109190,
            "lifePath": "Corporate",
            "bodyGender": "Male",
            "brainGender": "Male",
            "level": 18.0,
            "streetCred": 16.0,
            "gunslinger": 5.0,
            "assault": 6.0,
            "demolition": 4.0,
            "athletics": 2.0,
            "brawling": 2.0,
            "coldBlood": 1.0,
            "stealth": 3.0,
            "engineering": 1.0,
            "crafting": 1.0,
            "hacking": 1.0,
            "combatHacking": 1.0,
            "strength": 6.0,
            "intelligence": 6.0,
            "reflexes": 8.0,
            "technicalAbility": 3.0,
            "cool": 6.0,
            "initialBuildID": "3.0.3551602  P4CL: 4457769  Stream: //R6.Root/R6.Release ",
            "finishedQuests": "q004 q005 q000 q001 q003 q112 q110 q105 q104 q101 q103 q108 sq032 sq018 ",
            "playthroughID": "61b8042dc0710c60",
            "pointOfNoReturnId": "62ce7d1054ad052e",
            "visitID": "47efeacc-b557-4741-92c3-42de144a67fd",
            "buildSKU": "",
            "buildPatch": "1.52",
            "difficulty": "Story",
            "saveVersion": 220,
            "gameVersion": 1520,
            "timestampString": "11:41:40, 15.07.2022",
            "name": "AutoSave-14",
            "userName": "",
            "buildID": "3.0.3933216  P4CL: 4790877  Stream: //R6.Root/R6.Release ",
            "platform": "pc",
            "censorFlags": "",
            "buildConfiguration": "final",
            "fileSize": 3467498,
            "isForced": false,
            "isCheckpoint": true,
            "initialLoadingScreenID": 192888460050,
            "isStoryMode": false,
            "isPointOfNoReturn": false,
            "isEndGameSave": false
        }
    }
}