{
    "RootType": "saveMetadataContainer",
    "Data": {
        "metadata": {
            "gameDefinition": "",
            "activeQuests": "6B577A51814903CA",
            "trackedQuestEntry": "quests/main_quest/prologue/q001_intro/mission0/follow_jackie",
            "trackedQuest": "LocKey#9466",
            "mainQuest": "LocKey#9466",
            "debugString": "",
            "locationName": "LocKey#43742",
            "playerPosition": {
                "X": -466.3697509765625,
                "Y": 374.107666015625,
                "Z": 132.00006103515626
            },
            "playTime": 1617.1857542,
            "playthroughTime": 1617.1857542,
            "nextSavableEntityID": 9001592,
            "nextNonSavableEntityID": 10006446,
            "lifePath": "StreetKid",
            "bodyGender": "Female",
            "brainGender": "Female",
            "level": 1.0,
            "streetCred": 1.0,
            "gunslinger": 1.0,
            "assault": 1.0,
            "demolition": 1.0,
            "athletics": 1.0,
            "brawling": 1.0,
            "coldBlood": 1.0,
            "stealth": 1.0,
            "engineering": 1.0,
            "crafting": 1.0,
            "hacking": 1.0,
            "combatHacking": 1.0,
            "strength": 6.0,
            "intelligence": 4.0,
            "reflexes": 6.0,
            "technicalAbility": 3.0,
            "cool": 3.0,
            "initialBuildID": "3.0.4772630  P4CL: 6226040  Stream: R6.Release ",
            "finishedQuests": "q000 ",
            "playthroughID": "6496bcb7b36b9879",
            "pointOfNoReturnId": "",
            "visitID": "e854474b-23ca-4564-9b56-0c918c6bdf37",
            "buildSKU": "",
            "buildPatch": "1.63",
            "difficulty": "Story",
            "saveVersion": 224,
            "gameVersion": 1630,
            "timestampString": "18:32:35, 24.06.2023",
            "name": "AutoSave-10",
            "userName": "",
            "buildID": "3.0.4772630  P4CL: 6226040  Stream: R6.Release ",
            "platform": "pc",
            "censorFlags": "",
            "buildConfiguration": "final",
            "fileSize": 1371716,
            "isForced": true,
            "isCheckpoint": true,
            "initialLoadingScreenID": 186738114966,
            "isStoryMode": false,
            "isPointOfNoReturn": false,
            "isEndGameSave": false,
            "isModded": false
        }
    }
}