{
    "RootType": "saveMetadataContainer",
    "Data": {
        "metadata": {
            "gameDefinition": "",
            "activeQuests": "6B577A51814903CA;E118A84B9942C8C4",
            "trackedQuestEntry": "quests/main_quest/prologue/q003_maelstrom/militech/02_meet_militech",
            "trackedQuest": "LocKey#9467",
            "mainQuest": "LocKey#9467",
            "debugString": "ce_wat_nid_15",
            "locationName": "LocKey#10964",
            "playerPosition": {
                "X": -709.0701904296875,
                "Y": 1883.53662109375,
                "Z": 30.402870178222658
            },
            "playTime": 7375.4713073,
            "playthroughTime": 7375.4713073,
            "nextSavableEntityID": 9003658,
            "nextNonSavableEntityID": 10030190,
            "lifePath": "StreetKid",
            "bodyGender": "Male",
            "brainGender": "Male",
            "level": 60.0,
            "streetCred": 50.0,
            "gunslinger": 0.0,
            "assault": 1.0,
            "demolition": 1.0,
            "athletics": 1.0,
            "brawling": 1.0,
            "coldBlood": 1.0,
            "stealth": 1.0,
            "engineering": 1.0,
            "crafting": 1.0,
            "hacking": 1.0,
            "combatHacking": 1.0,
            "strength": 8.0,
            "intelligence": 8.0,
            "reflexes": 9.0,
            "technicalAbility": 14.0,
            "cool": 9.0,
            "initialBuildID": "3.0.4984974  P4CL: 6525662  Stream: //R6.Root/R6.Release ",
            "finishedQuests": "q004 q000 q001 ma_wat_kab_08 ",
            "playthroughID": "6596cbf9969bfc4d",
            "pointOfNoReturnId": "",
            "visitID": "93284cd8-0ef2-40b6-b0e0-bdde69281745",
            "buildSKU": "",
            "buildPatch": "2.12",
            "difficulty": "Story",
            "facts": [
                "q000_street_kid_background=1"
            ],
            "saveVersion": 263,
            "gameVersion": 2120,
            "timestampString": "22:05:22, 6.03.2024",
            "name": "AutoSave-19",
            "userName": "",
            "buildID": "3.0.5035767  P4CL: 6602604  Stream: //R6.Root/R6.Release ",
            "platform": "pc",
            "censorFlags": "",
            "buildConfiguration": "final",
            "fileSize": 2163946,
            "isForced": false,
            "isCheckpoint": true,
            "initialLoadingScreenID": 186738114966,
            "isStoryMode": false,
            "isPointOfNoReturn": false,
            "isEndGameSave": false,
            "isModded": false,
            "additionalContentIds": [
                "EP1"
            ]
        }
    }
}