{
    "RootType": "saveMetadataContainer",
    "Data": {
        "metadata": {
            "gameDefinition": "",
            "activeQuests": "F985E46743E070D2;2F728D92082F415E",
            "trackedQuestEntry": "quests/side_quest/sq011_kerry/01_hook/12_talk_to_nancy",
            "trackedQuest": "LocKey#17856",
            "mainQuest": "LocKey#9860",
            "debugString": "ce_wbr_nok_01",
            "locationName": "LocKey#10967",
            "playerPosition": {
                "X": 117.9927978515625,
                "Y": 1099.13232421875,
                "Z": 203.40606689453126
            },
            "playTime": 55012.9058734,
            "playthroughTime": 59999.1222007,
            "nextSavableEntityID": 9011729,
            "nextNonSavableEntityID": 10192182,
            "lifePath": "Nomad",
            "bodyGender": "Female",
            "brainGender": "Female",
            "level": 60.0,
            "streetCred": 50.0,
            "gunslinger": 1.0,
            "assault": 1.0,
            "demolition": 1.0,
            "athletics": 1.0,
            "brawling": 1.0,
            "coldBlood": 1.0,
            "stealth": 1.0,
            "engineering": 1.0,
            "crafting": 1.0,
            "hacking": 1.0,
            "combatHacking": 1.0,
            "strength": 20.0,
            "intelligence": 20.0,
            "reflexes": 20.0,
            "technicalAbility": 20.0,
            "cool": 20.0,
            "initialBuildID": "3.0.4902785  P4CL: 6408866  Stream: //R6.Root/R6.Release ",
            "finishedQuests": "q004 q005 q000 q001 q003 q112 q110 q105 q104 q101 q103 q304 q303 q302 q301 sa_ep1_32 sa_ep1_39 sq031 sq032 sq027 sq025 sq018 sq004 mq301 mq010 mq011 mq001 mq024 sa_ep1_courier ma_bls_ina_se5_05 ma_wat_kab_08 ma_wat_kab_02 ma_wat_kab_03 ma_wat_kab_10 ma_hey_spr_04 ma_hey_gle_05 sts_ep1_10 sts_ep1_12 sts_ep1_04 ma_wbr_jpn_16 ",
            "playthroughID": "65155cff239bc756",
            "pointOfNoReturnId": "",
            "visitID": "ad06e307-0649-4386-bc09-999d492a0dfd",
            "buildSKU": "",
            "buildPatch": "2.0",
            "difficulty": "Hard",
            "facts": [
                "player_drunk=0",
                "q110_done=1",
                "mq304_active=1",
                "mq303_active=1",
                "q110_voodoo_queen_dead=1",
                "q304_started=1",
                "sq032_q104_ready=0",
                "sq032_q112_ready=0",
                "q110_08a_netwatch_deal=1",
                "q301_done=1",
                "q306_start=1",
                "q101_done=1",
                "q304_done=1",
                "q304_songbirds_path=1",
                "q304_active=0",
                "q104_done=1",
                "q112_done=2",
                "q103_helped_panam=1",
                "sq031_grayson_killed=1",
                "sq032_q110_ready=0",
                "sq032_q105_used=1",
                "sq004_mitch_available=1",
                "q304_kurt_dead=1",
                "sq018_done=1",
                "q304_stadium_escape_active=0",
                "sq032_q104_used=1",
                "mq303_start=1",
                "ep1_active=1",
                "sq032_q110_used=1",
                "sq032_johnny_friend=1",
                "mq301_start=1",
                "sq031_rogue_lover=1",
                "q103_rogue_met=1",
                "mq301_active=0",
                "mq301_03_frame_jurij=1",
                "sq025_done=1",
                "q301_active=0",
                "q112_takemura_dead=0",
                "mq304_start=1",
                "sq004_done=1",
                "sq031_rogue_met_johnny=1",
                "q306_active=1",
                "sq027_done=1",
                "sq032_q105_ready=0",
                "sq012_started=1",
                "ep1_side_content=1"
            ],
            "saveVersion": 254,
            "gameVersion": 2000,
            "timestampString": "22:31:37, 18.11.2023",
            "name": "AutoSave-16",
            "userName": "",
            "buildID": "3.0.4902785  P4CL: 6408866  Stream: //R6.Root/R6.Release ",
            "platform": "pc",
            "censorFlags": "",
            "buildConfiguration": "final",
            "fileSize": 4630073,
            "isForced": false,
            "isCheckpoint": false,
            "initialLoadingScreenID": 184839547040,
            "isStoryMode": false,
            "isPointOfNoReturn": false,
            "isEndGameSave": false,
            "isModded": false,
            "additionalContentIds": [
                "EP1"
            ]
        }
    }
}